"Status","Start Time","Stop Time","Duration in ms","Parent Suite","Suite","Sub Suite","Test Class","Test Method","Name","Description"
"passed","","","615","","RegisterTest","","RegisterTest","","registerNewUserTest",""
"passed","","","268","","RegisterTest","","RegisterTest","","registerExistingUserTest",""
"passed","","","567","","OrdersPostTest","","OrdersPostTest","","orderPostWithIncorrectHashTest",""
"passed","","","957","","UserTest","","UserTest","","userWithTokenTest",""
"passed","","","284","","RegisterTest","","RegisterTest","","registerNoUsernameTest",""
"passed","","","252","","OrdersGetTest","","OrdersGetTest","","orderGetWithoutTokenTest",""
"passed","","","299","","OrdersPostTest","","OrdersPostTest","","orderPostWithoutTokenTest",""
"passed","","","394","","LoginTest","","LoginTest","","loginSuccessTest",""
"passed","","","2764","","LoginTest","","LoginTest","","loginNotCorrectLoginPasswordTest",""
"passed","","","647","","OrdersPostTest","","OrdersPostTest","","orderPostWithoutIngredientsTest",""
"passed","","","217","","UserTest","","UserTest","","userWithoutTokenTest",""
"passed","","","644","","OrdersGetTest","","OrdersGetTest","","orderGetWithTokenTest",""
"passed","","","773","","OrdersPostTest","","OrdersPostTest","","orderPostWithTokenTest",""
